gene,count,gene_clean,query,symbol,name
ENSG00000029559.7,5,ENSG00000029559,ENSG00000029559,IBSP,integrin binding sialoprotein
ENSG00000232679.2,5,ENSG00000232679,ENSG00000232679,LINC02257,long intergenic non-protein coding RNA 2257
ENSG00000261742.6,5,ENSG00000261742,ENSG00000261742,LINC00922,long intergenic non-protein coding RNA 922
ENSG00000170965.10,5,ENSG00000170965,ENSG00000170965,PLAC1,placenta enriched 1
ENSG00000155886.11,5,ENSG00000155886,ENSG00000155886,SLC24A2,solute carrier family 24 member 2
ENSG00000123500.10,5,ENSG00000123500,ENSG00000123500,COL10A1,collagen type X alpha 1 chain
ENSG00000177234.7,5,ENSG00000177234,ENSG00000177234,LINC01561,long intergenic non-protein coding RNA 1561
ENSG00000187730.9,5,ENSG00000187730,ENSG00000187730,GABRD,gamma-aminobutyric acid type A receptor subunit delta
ENSG00000136158.12,5,ENSG00000136158,ENSG00000136158,SPRY2,sprouty RTK signaling antagonist 2
ENSG00000060718.22,5,ENSG00000060718,ENSG00000060718,COL11A1,collagen type XI alpha 1 chain
ENSG00000083782.8,5,ENSG00000083782,ENSG00000083782,EPYC,epiphycan
ENSG00000261327.5,5,ENSG00000261327,ENSG00000261327,LOC105371401,uncharacterized LOC105371401
ENSG00000170373.8,5,ENSG00000170373,ENSG00000170373,CST1,cystatin SN
ENSG00000175877.4,5,ENSG00000175877,ENSG00000175877,TMEM270,transmembrane protein 270
ENSG00000203740.4,5,ENSG00000203740,ENSG00000203740,NTMT2,N-terminal Xaa-Pro-Lys N-methyltransferase 2
ENSG00000101115.13,5,ENSG00000101115,ENSG00000101115,SALL4,spalt like transcription factor 4
ENSG00000124657.1,5,ENSG00000124657,ENSG00000124657,OR2B6,olfactory receptor family 2 subfamily B member 6
ENSG00000078596.11,5,ENSG00000078596,ENSG00000078596,ITM2A,integral membrane protein 2A
ENSG00000172156.4,5,ENSG00000172156,ENSG00000172156,CCL11,C-C motif chemokine ligand 11
ENSG00000203805.11,5,ENSG00000203805,ENSG00000203805,PLPP4,phospholipid phosphatase 4
ENSG00000215784.6,5,ENSG00000215784,ENSG00000215784,FAM72D,family with sequence similarity 72 member D
ENSG00000099953.10,5,ENSG00000099953,ENSG00000099953,MMP11,matrix metallopeptidase 11
ENSG00000106327.13,5,ENSG00000106327,ENSG00000106327,TFR2,transferrin receptor 2
ENSG00000196611.5,5,ENSG00000196611,ENSG00000196611,MMP1,matrix metallopeptidase 1
ENSG00000249001.5,5,ENSG00000249001,ENSG00000249001,DMP1-AS1,DMP1 and DSPP antisense RNA 1
ENSG00000127561.15,5,ENSG00000127561,ENSG00000127561,SYNGR3,synaptogyrin 3
ENSG00000131650.14,5,ENSG00000131650,ENSG00000131650,KREMEN2,kringle containing transmembrane protein 2
ENSG00000231123.1,5,ENSG00000231123,ENSG00000231123,SPATA20P1,spermatogenesis associated 20 pseudogene 1
ENSG00000187824.9,5,ENSG00000187824,ENSG00000187824,TMEM220,transmembrane protein 220
ENSG00000154065.17,5,ENSG00000154065,ENSG00000154065,ANKRD29,ankyrin repeat domain 29
ENSG00000160161.9,5,ENSG00000160161,ENSG00000160161,CILP2,cartilage intermediate layer protein 2
ENSG00000176092.16,5,ENSG00000176092,ENSG00000176092,CRYBG2,crystallin beta-gamma domain containing 2
ENSG00000147434.9,5,ENSG00000147434,ENSG00000147434,CHRNA6,cholinergic receptor nicotinic alpha 6 subunit
ENSG00000203585.4,5,ENSG00000203585,ENSG00000203585,LINC02408,long intergenic non-protein coding RNA 2408
ENSG00000132561.14,5,ENSG00000132561,ENSG00000132561,MATN2,matrilin 2
ENSG00000197153.5,5,ENSG00000197153,ENSG00000197153,H3C12,H3 clustered histone 12
ENSG00000177098.9,5,ENSG00000177098,ENSG00000177098,SCN4B,sodium voltage-gated channel beta subunit 4
ENSG00000196550.10,5,ENSG00000196550,ENSG00000196550,FAM72A,family with sequence similarity 72 member A
ENSG00000146648.19,5,ENSG00000146648,ENSG00000146648,EGFR,epidermal growth factor receptor
ENSG00000101441.4,5,ENSG00000101441,ENSG00000101441,CST4,cystatin S
ENSG00000274641.2,5,ENSG00000274641,ENSG00000274641,H2BC17,H2B clustered histone 17
ENSG00000274825.1,5,ENSG00000274825,ENSG00000274825,,
ENSG00000270977.2,5,ENSG00000270977,ENSG00000270977,,
ENSG00000137745.12,5,ENSG00000137745,ENSG00000137745,MMP13,matrix metallopeptidase 13
ENSG00000170271.11,5,ENSG00000170271,ENSG00000170271,FAXDC2,fatty acid hydroxylase domain containing 2
ENSG00000270882.2,5,ENSG00000270882,ENSG00000270882,H4C14,H4 clustered histone 14
ENSG00000230838.1,5,ENSG00000230838,ENSG00000230838,LINC01614,long intergenic non-protein coding RNA 1614
ENSG00000164919.11,5,ENSG00000164919,ENSG00000164919,COX6C,cytochrome c oxidase subunit 6C
ENSG00000226012.1,5,ENSG00000226012,ENSG00000226012,,
ENSG00000287747.1,5,ENSG00000287747,ENSG00000287747,LOC124901872,uncharacterized LOC124901872
ENSG00000179546.4,5,ENSG00000179546,ENSG00000179546,HTR1D,5-hydroxytryptamine receptor 1D
ENSG00000249082.2,5,ENSG00000249082,ENSG00000249082,EPIST,esophagus epithelial intergenic associated transcript
ENSG00000148053.17,5,ENSG00000148053,ENSG00000148053,NTRK2,neurotrophic receptor tyrosine kinase 2
ENSG00000069702.11,5,ENSG00000069702,ENSG00000069702,TGFBR3,transforming growth factor beta receptor 3
ENSG00000124493.14,5,ENSG00000124493,ENSG00000124493,GRM4,glutamate metabotropic receptor 4
ENSG00000099822.3,5,ENSG00000099822,ENSG00000099822,HCN2,hyperpolarization activated cyclic nucleotide gated potassium and sodium channel 2
ENSG00000197472.15,5,ENSG00000197472,ENSG00000197472,ZNF695,zinc finger protein 695
ENSG00000137033.11,5,ENSG00000137033,ENSG00000137033,IL33,interleukin 33
ENSG00000143612.21,5,ENSG00000143612,ENSG00000143612,LTAP1,lipid transport auxiliary protein 1
ENSG00000267013.6,5,ENSG00000267013,ENSG00000267013,LINC01929,long intergenic non-protein coding RNA 1929
ENSG00000094963.14,5,ENSG00000094963,ENSG00000094963,FMO2,flavin containing dimethylaniline monoxygenase 2
ENSG00000152583.12,5,ENSG00000152583,ENSG00000152583,SPARCL1,SPARC like 1
ENSG00000130988.13,5,ENSG00000130988,ENSG00000130988,RGN,regucalcin
ENSG00000069535.14,5,ENSG00000069535,ENSG00000069535,MAOB,monoamine oxidase B
ENSG00000196549.12,5,ENSG00000196549,ENSG00000196549,MME,membrane metalloendopeptidase
ENSG00000168497.5,5,ENSG00000168497,ENSG00000168497,CAVIN2,caveolae associated protein 2
ENSG00000145681.11,5,ENSG00000145681,ENSG00000145681,HAPLN1,hyaluronan and proteoglycan link protein 1
ENSG00000070031.4,5,ENSG00000070031,ENSG00000070031,SCT,secretin
ENSG00000170369.4,5,ENSG00000170369,ENSG00000170369,CST2,cystatin SA
ENSG00000196890.4,4,ENSG00000196890,ENSG00000196890,H2BC26,H2B clustered histone 26
ENSG00000151790.9,4,ENSG00000151790,ENSG00000151790,TDO2,"tryptophan 2,3-dioxygenase"
ENSG00000179603.18,4,ENSG00000179603,ENSG00000179603,GRM8,glutamate metabotropic receptor 8
ENSG00000225077.3,4,ENSG00000225077,ENSG00000225077,ICMT-DT,ICMT divergent transcript
ENSG00000135119.15,4,ENSG00000135119,ENSG00000135119,RNFT2,"ring finger protein, transmembrane 2"
ENSG00000230798.5,4,ENSG00000230798,ENSG00000230798,FOXD3-AS1,FOXD3 antisense RNA 1
ENSG00000223808.1,4,ENSG00000223808,ENSG00000223808,,
ENSG00000154721.15,4,ENSG00000154721,ENSG00000154721,JAM2,junctional adhesion molecule 2
ENSG00000166265.13,4,ENSG00000166265,ENSG00000166265,CYYR1,cysteine and tyrosine rich 1
ENSG00000232021.7,4,ENSG00000232021,ENSG00000232021,LEF1-AS1,LEF1 antisense RNA 1
ENSG00000224209.8,4,ENSG00000224209,ENSG00000224209,LINC00466,long intergenic non-protein coding RNA 466
ENSG00000260025.1,4,ENSG00000260025,ENSG00000260025,CRIM1-DT,CRIM1 divergent transcript
ENSG00000185432.12,3,ENSG00000185432,ENSG00000185432,TMT1A,thiol methyltransferase 1A
ENSG00000142910.16,3,ENSG00000142910,ENSG00000142910,TINAGL1,tubulointerstitial nephritis antigen like 1
ENSG00000146410.12,3,ENSG00000146410,ENSG00000146410,MTFR2,mitochondrial fission regulator 2
ENSG00000258227.7,3,ENSG00000258227,ENSG00000258227,CLEC5A,C-type lectin domain containing 5A
ENSG00000103253.19,3,ENSG00000103253,ENSG00000103253,HAGHL,hydroxyacylglutathione hydrolase like
ENSG00000251151.2,3,ENSG00000251151,ENSG00000251151,HOXC-AS3,HOXC cluster antisense RNA 3
ENSG00000137825.11,3,ENSG00000137825,ENSG00000137825,ITPKA,inositol-trisphosphate 3-kinase A
ENSG00000244564.2,3,ENSG00000244564,ENSG00000244564,PRICKLE2-DT,PRICKLE2 divergent transcript
ENSG00000243742.5,3,ENSG00000243742,ENSG00000243742,RPLP0P2,ribosomal protein lateral stalk subunit P0 pseudogene 2
ENSG00000127564.17,2,ENSG00000127564,ENSG00000127564,PKMYT1,"protein kinase, membrane associated tyrosine/threonine 1"
ENSG00000226806.1,2,ENSG00000226806,ENSG00000226806,LCT-AS1,LCT antisense RNA 1
ENSG00000163689.20,2,ENSG00000163689,ENSG00000163689,CFAP20DC,CFAP20 domain containing
ENSG00000198478.8,2,ENSG00000198478,ENSG00000198478,SH3BGRL2,SH3 domain binding glutamate rich protein like 2
ENSG00000116161.18,2,ENSG00000116161,ENSG00000116161,CACYBP,calcyclin binding protein
ENSG00000197872.11,2,ENSG00000197872,ENSG00000197872,CYRIA,CYFIP related Rac1 interactor A
ENSG00000158966.16,2,ENSG00000158966,ENSG00000158966,CACHD1,cache domain containing 1
ENSG00000124507.11,2,ENSG00000124507,ENSG00000124507,PACSIN1,protein kinase C and casein kinase substrate in neurons 1
ENSG00000127588.5,2,ENSG00000127588,ENSG00000127588,GNG13,G protein subunit gamma 13
ENSG00000159263.16,2,ENSG00000159263,ENSG00000159263,SIM2,SIM bHLH transcription factor 2
ENSG00000174099.12,2,ENSG00000174099,ENSG00000174099,MSRB3,methionine sulfoxide reductase B3
ENSG00000263655.1,2,ENSG00000263655,ENSG00000263655,,
ENSG00000262172.1,2,ENSG00000262172,ENSG00000262172,,
ENSG00000174871.11,2,ENSG00000174871,ENSG00000174871,CNIH2,cornichon family AMPA receptor auxiliary protein 2
ENSG00000179934.7,1,ENSG00000179934,ENSG00000179934,CCR8,C-C motif chemokine receptor 8
ENSG00000176177.10,1,ENSG00000176177,ENSG00000176177,ENTHD1,ENTH domain containing 1
ENSG00000228168.1,1,ENSG00000228168,ENSG00000228168,HNRNPA1P21,heterogeneous nuclear ribonucleoprotein A1 pseudogene 21
ENSG00000129810.15,1,ENSG00000129810,ENSG00000129810,SGO1,shugoshin 1
ENSG00000143228.13,1,ENSG00000143228,ENSG00000143228,NUF2,NUF2 component of NDC80 kinetochore complex
ENSG00000049249.9,1,ENSG00000049249,ENSG00000049249,TNFRSF9,TNF receptor superfamily member 9
ENSG00000198947.16,1,ENSG00000198947,ENSG00000198947,DMD,dystrophin
ENSG00000115718.18,1,ENSG00000115718,ENSG00000115718,PROC,"protein C, inactivator of coagulation factors Va and VIIIa"
ENSG00000115295.20,1,ENSG00000115295,ENSG00000115295,CLIP4,CAP-Gly domain containing linker protein family member 4
ENSG00000188624.3,1,ENSG00000188624,ENSG00000188624,IGFL3,IGF like family member 3
ENSG00000133687.16,1,ENSG00000133687,ENSG00000133687,TMTC1,transmembrane O-mannosyltransferase targeting cadherins 1
ENSG00000154839.10,1,ENSG00000154839,ENSG00000154839,SKA1,spindle and kinetochore associated complex subunit 1
ENSG00000250244.5,1,ENSG00000250244,ENSG00000250244,FSTL4-AS1,FSTL4 antisense RNA 1
ENSG00000070778.13,1,ENSG00000070778,ENSG00000070778,PTPN21,protein tyrosine phosphatase non-receptor type 21
ENSG00000109846.9,1,ENSG00000109846,ENSG00000109846,CRYAB,crystallin alpha B
ENSG00000128564.7,1,ENSG00000128564,ENSG00000128564,VGF,VGF nerve growth factor inducible
ENSG00000240583.13,1,ENSG00000240583,ENSG00000240583,AQP1,aquaporin 1 (Colton blood group)
ENSG00000123096.12,1,ENSG00000123096,ENSG00000123096,SSPN,sarcospan
ENSG00000233542.2,1,ENSG00000233542,ENSG00000233542,,
ENSG00000087586.18,1,ENSG00000087586,ENSG00000087586,AURKA,aurora kinase A
ENSG00000178796.13,1,ENSG00000178796,ENSG00000178796,RIIAD1,regulatory subunit of type II PKA R-subunit domain containing 1
ENSG00000109705.8,1,ENSG00000109705,ENSG00000109705,NKX3-2,NK3 homeobox 2
ENSG00000147027.4,1,ENSG00000147027,ENSG00000147027,TMEM47,transmembrane protein 47
ENSG00000231057.4,1,ENSG00000231057,ENSG00000231057,NEK2-DT,NEK2 divergent transcript
ENSG00000197588.9,1,ENSG00000197588,ENSG00000197588,KLKP1,kallikrein pseudogene 1
ENSG00000258947.7,1,ENSG00000258947,ENSG00000258947,TUBB3,tubulin beta 3 class III
ENSG00000253931.1,1,ENSG00000253931,ENSG00000253931,,
ENSG00000157110.16,1,ENSG00000157110,ENSG00000157110,RBPMS,"RNA binding protein, mRNA processing factor"
ENSG00000152284.5,1,ENSG00000152284,ENSG00000152284,TCF7L1,transcription factor 7 like 1
ENSG00000092964.18,1,ENSG00000092964,ENSG00000092964,DPYSL2,dihydropyrimidinase like 2
ENSG00000109674.4,1,ENSG00000109674,ENSG00000109674,NEIL3,nei like DNA glycosylase 3
ENSG00000104332.12,1,ENSG00000104332,ENSG00000104332,SFRP1,secreted frizzled related protein 1
ENSG00000135046.14,1,ENSG00000135046,ENSG00000135046,ANXA1,annexin A1
ENSG00000075702.18,1,ENSG00000075702,ENSG00000075702,WDR62,WD repeat domain 62
ENSG00000111404.7,1,ENSG00000111404,ENSG00000111404,RERGL,RERG like
ENSG00000116711.10,1,ENSG00000116711,ENSG00000116711,PLA2G4A,phospholipase A2 group IVA
ENSG00000102384.13,1,ENSG00000102384,ENSG00000102384,CENPI,centromere protein I
ENSG00000167641.11,1,ENSG00000167641,ENSG00000167641,PPP1R14A,protein phosphatase 1 regulatory inhibitor subunit 14A
ENSG00000154736.6,1,ENSG00000154736,ENSG00000154736,ADAMTS5,ADAM metallopeptidase with thrombospondin type 1 motif 5
ENSG00000184500.16,1,ENSG00000184500,ENSG00000184500,PROS1,protein S
ENSG00000287566.1,1,ENSG00000287566,ENSG00000287566,LOC105376380,uncharacterized LOC105376380
ENSG00000118193.12,1,ENSG00000118193,ENSG00000118193,KIF14,kinesin family member 14
ENSG00000167619.13,1,ENSG00000167619,ENSG00000167619,TMEM145,transmembrane protein 145
ENSG00000144045.14,1,ENSG00000144045,ENSG00000144045,DQX1,DEAQ-box RNA dependent ATPase 1
ENSG00000025423.11,1,ENSG00000025423,ENSG00000025423,HSD17B6,hydroxysteroid 17-beta dehydrogenase 6
ENSG00000116014.10,1,ENSG00000116014,ENSG00000116014,KISS1R,KISS1 receptor
ENSG00000162004.18,1,ENSG00000162004,ENSG00000162004,CCDC78,coiled-coil domain containing 78
ENSG00000167191.12,1,ENSG00000167191,ENSG00000167191,GPRC5B,G protein-coupled receptor class C group 5 member B
ENSG00000275223.1,1,ENSG00000275223,ENSG00000275223,,
ENSG00000196747.4,1,ENSG00000196747,ENSG00000196747,H2AC13,H2A clustered histone 13
ENSG00000150281.7,1,ENSG00000150281,ENSG00000150281,CTF1,cardiotrophin 1
ENSG00000183682.8,1,ENSG00000183682,ENSG00000183682,BMP8A,bone morphogenetic protein 8a
